"Main","WeekDay","SumOfTotalVolume"
" ADELAIDE ST E ","Thursday",44320
" ADELAIDE ST E ","Tuesday",66272
" ADELAIDE ST E ","Wednesday",24190
" ADELAIDE ST W ","Thursday",41713
" ADELAIDE ST W ","Tuesday",87875
" ADELAIDE ST W ","Wednesday",46510
" ALBION RD ","Monday",14758
" ALBION RD ","Saturday",84658
" ALBION RD ","Tuesday",276316
" ALBION RD ","Wednesday",300916
" ALLIANCE AVE ","Thursday",9278
" ALLIANCE AVE ","Tuesday",8538
" ALNESS ST ","Monday",20362
" ALNESS ST ","Tuesday",52075
" ANNETTE ST ","Monday",16940
" ANNETTE ST ","Thursday",72632
" ANNETTE ST ","Tuesday",16546
" ASHTONBEE RD ","Monday",16740
" ATTWELL DR ","Monday",13996
" AVENUE RD ","Monday",358215
" AVENUE RD ","Saturday",39938
" AVENUE RD ","Thursday",308410
" AVENUE RD ","Tuesday",308287
" AVENUE RD ","Wednesday",334545
" BAMBURGH CRCL ","Monday",8920
" BATHURST ST ","Monday",435646
" BATHURST ST ","Saturday",482755
" BATHURST ST ","Sunday",34922
" BATHURST ST ","Thursday",216316
" BATHURST ST ","Tuesday",482459
" BATHURST ST ","Wednesday",496713
" BAY ST ","Monday",48508
" BAY ST ","Thursday",589737
" BAY ST ","Tuesday",288654
" BAY ST ","Wednesday",315484
" BAYVIEW AVE ","Monday",405044
" BAYVIEW AVE ","Saturday",71651
" BAYVIEW AVE ","Thursday",282077
" BAYVIEW AVE ","Tuesday",370642
" BAYVIEW AVE ","Wednesday",239715
" BEECROFT RD ","Thursday",52120
" BEECROFT RD ","Wednesday",17732
" BELFIELD RD ","Wednesday",15404
" BELLAMY RD N ","Monday",14506
" BELLAMY RD N ","Thursday",10884
" BELLAMY RD N ","Tuesday",24556
" BELLAMY RD N ","Wednesday",23684
" BERMONDSEY RD ","Monday",23230
" BERMONDSEY RD ","Tuesday",16616
" BIRCHMOUNT RD ","Monday",80401
" BIRCHMOUNT RD ","Saturday",32655
" BIRCHMOUNT RD ","Thursday",81312
" BIRCHMOUNT RD ","Tuesday",158157
" BIRCHMOUNT RD ","Wednesday",281936
" BLACK CREEK DR ","Monday",56296
" BLACK CREEK DR ","Thursday",41580
" BLACK CREEK DR ","Wednesday",158160
" BLOOR ST ","Saturday",52248
" BLOOR ST ","Thursday",37733
" BLOOR ST E ","Monday",25419
" BLOOR ST E ","Saturday",73291
" BLOOR ST E ","Thursday",128384
" BLOOR ST E ","Tuesday",100834
" BLOOR ST W ","Monday",232293
" BLOOR ST W ","Saturday",90418
" BLOOR ST W ","Thursday",499669
" BLOOR ST W ","Tuesday",452388
" BLOOR ST W ","Wednesday",474760
" BONIS AVE ","Thursday",12822
" BREMNER BLVD ","Monday",14090
" BREMNER BLVD ","Wednesday",16964
" BRENTCLIFFE RD ","Wednesday",23102
" BRENYON WAY ","Thursday",5662
" BRIDLETOWNE CRCL ","Wednesday",11318
" BRIMLEY RD ","Monday",131432
" BRIMLEY RD ","Saturday",52614
" BRIMLEY RD ","Thursday",238748
" BRIMLEY RD ","Tuesday",179841
" BRIMLEY RD ","Wednesday",67378
" BRITISH COLUMBIA RD ","Tuesday",11722
" BROADVIEW AVE ","Monday",59432
" BROADVIEW AVE ","Thursday",44578
" BROADVIEW AVE ","Tuesday",48312
" BROADVIEW AVE ","Wednesday",49002
" BROWNS LINE ","Monday",35079
" BROWNS LINE ","Saturday",15926
" BROWNS LINE ","Thursday",19116
" BROWNS LINE ","Tuesday",34104
" BURNHAMTHORPE RD ","Monday",82015
" BURNHAMTHORPE RD ","Saturday",20765
" BURNHAMTHORPE RD ","Tuesday",99617
" BURNHAMTHORPE RD ","Wednesday",200489
" CALEDONIA RD ","Monday",53156
" CALEDONIA RD ","Thursday",23446
" CALEDONIA RD ","Tuesday",43898
" CALEDONIA RD ","Wednesday",35816
" CARLINGVIEW DR ","Monday",8373
" CARLINGVIEW DR ","Saturday",4742
" CARLINGVIEW DR ","Thursday",41887
" CARLINGVIEW DR ","Wednesday",17258
" CARLTON ST ","Monday",28554
" CARLTON ST ","Thursday",7876
" CARLTON ST ","Tuesday",7115
" CASTLEFIELD AVE ","Monday",40628
" CHAPLIN CRES ","Monday",17744
" CHERRY ST ","Monday",34755
" CHESSWOOD DR ","Monday",9479
" CHESSWOOD DR ","Thursday",10812
" CHRISTIE ST ","Monday",17490
" CHURCH ST ","Monday",85037
" CHURCH ST ","Saturday",22720
" CHURCH ST ","Thursday",43385
" CHURCH ST ","Tuesday",202214
" CHURCH ST ","Wednesday",209155
" CLONMORE DR ","Wednesday",24248
" COLLEGE ST ","Monday",92810
" COLLEGE ST ","Saturday",121791
" COLLEGE ST ","Thursday",81319
" COLLEGE ST ","Tuesday",170190
" COLLEGE ST ","Wednesday",62166
" COMMISSIONERS ST ","Monday",10674
" COMMISSIONERS ST ","Wednesday",9542
" COMSTOCK RD ","Monday",14124
" CONSILIUM PL ","Thursday",18884
" CONSUMERS RD ","Wednesday",20610
" CORPORATE DR ","Monday",12464
" CORPORATE DR ","Wednesday",15814
" COSBURN AVE ","Thursday",16518
" COXWELL AVE ","Monday",85176
" COXWELL AVE ","Saturday",26664
" COXWELL AVE ","Thursday",83774
" CUMMER AVE ","Thursday",48826
" CUMMER AVE ","Wednesday",22760
" DANFORTH AVE ","Monday",73616
" DANFORTH AVE ","Saturday",169813
" DANFORTH AVE ","Thursday",383768
" DANFORTH AVE ","Tuesday",245407
" DANFORTH AVE ","Wednesday",114183
" DANFORTH RD ","Friday",13081
" DANFORTH RD ","Monday",18124
" DANFORTH RD ","Saturday",91223
" DANFORTH RD ","Thursday",195252
" DANFORTH RD ","Wednesday",113080
" DAVENPORT RD ","Monday",147759
" DAVENPORT RD ","Saturday",33978
" DAVENPORT RD ","Thursday",108039
" DAVENPORT RD ","Tuesday",22786
" DAVENPORT RD ","Wednesday",54730
" DAWES RD ","Monday",16862
" DAWES RD ","Thursday",16840
" DAWES RD ","Wednesday",15996
" DIXON RD ","Monday",50444
" DIXON RD ","Saturday",121190
" DIXON RD ","Thursday",62536
" DIXON RD ","Tuesday",262735
" DIXON RD ","Wednesday",52609
" DON MILLS RD ","Monday",270181
" DON MILLS RD ","Thursday",280530
" DON MILLS RD ","Tuesday",254513
" DON MILLS RD ","Wednesday",349058
" DON MILLS RD E ","Monday",16658
" DON MILLS RD E ","Thursday",19580
" DON MILLS RD W ","Wednesday",38918
" DONLANDS AVE ","Monday",17410
" DONLANDS AVE ","Saturday",19156
" DONLANDS AVE ","Thursday",26102
" DONLANDS AVE ","Tuesday",42446
" DORIS AVE ","Monday",26370
" DORIS AVE ","Thursday",65746
" DORIS AVE ","Wednesday",26638
" DOVERCOURT RD ","Saturday",31536
" DOVERCOURT RD ","Thursday",30512
" DREWRY AVE ","Wednesday",21238
" DUFFERIN ST ","Monday",638705
" DUFFERIN ST ","Saturday",352732
" DUFFERIN ST ","Thursday",29536
" DUFFERIN ST ","Tuesday",383965
" DUFFERIN ST ","Wednesday",297629
" DUNDAS ST E ","Monday",271272
" DUNDAS ST E ","Saturday",36728
" DUNDAS ST E ","Thursday",108928
" DUNDAS ST E ","Tuesday",37072
" DUNDAS ST W ","Monday",338376
" DUNDAS ST W ","Saturday",408113
" DUNDAS ST W ","Thursday",346240
" DUNDAS ST W ","Tuesday",372647
" DUNDAS ST W ","Wednesday",399317
" DUPLEX AVE ","Monday",14066
" DUPLEX AVE ","Wednesday",16914
" DUPONT ST ","Monday",27742
" DUPONT ST ","Saturday",98570
" DUPONT ST ","Thursday",76124
" DUPONT ST ","Wednesday",48152
" DWIGHT AVE ","Thursday",7102
" DWIGHT AVE ","Wednesday",8602
" EASTERN AVE ","Monday",96553
" EASTERN AVE ","Saturday",55170
" EASTERN AVE ","Tuesday",39100
" EASTERN AVE ","Wednesday",16697
" EGLINTON AVE E ","Friday",26250
" EGLINTON AVE E ","Monday",672554
" EGLINTON AVE E ","Saturday",140274
" EGLINTON AVE E ","Thursday",472236
" EGLINTON AVE E ","Tuesday",172164
" EGLINTON AVE E ","Wednesday",497581
" EGLINTON AVE W ","Monday",883869
" EGLINTON AVE W ","Saturday",138963
" EGLINTON AVE W ","Thursday",310155
" EGLINTON AVE W ","Tuesday",327624
" EGLINTON AVE W ","Wednesday",157854
" ELLESMERE RD ","Monday",208381
" ELLESMERE RD ","Saturday",198304
" ELLESMERE RD ","Thursday",46368
" ELLESMERE RD ","Tuesday",187134
" ELLESMERE RD ","Wednesday",85819
" ESTHER SHINER BLVD ","Monday",16118
" EVANS AVE ","Monday",12094
" EVANS AVE ","Saturday",13968
" EVANS AVE ","Thursday",28136
" EVANS AVE ","Tuesday",59059
" EVANS AVE ","Wednesday",94994
" FAIRVIEW MALL DR ","Monday",9786
" FAIRVIEW MALL DR ","Wednesday",57682
" FENMAR DR ","Monday",18044
" FINCH AVE E ","Monday",215393
" FINCH AVE E ","Saturday",185589
" FINCH AVE E ","Thursday",199000
" FINCH AVE E ","Tuesday",557880
" FINCH AVE E ","Wednesday",390454
" FINCH AVE W ","Friday",54936
" FINCH AVE W ","Monday",328783
" FINCH AVE W ","Saturday",31846
" FINCH AVE W ","Thursday",383947
" FINCH AVE W ","Tuesday",377494
" FINCH AVE W ","Wednesday",438288
" FORT YORK BLVD ","Wednesday",15848
" FRONT ST E ","Thursday",24488
" FRONT ST E ","Tuesday",27060
" FRONT ST E ","Wednesday",24674
" FRONT ST W ","Monday",61996
" FRONT ST W ","Tuesday",85282
" FRONT ST W ","Wednesday",57828
" GARDINER E PARK LAWN RD RAMP ","Tuesday",15914
" GATEWAY BLVD ","Monday",14234
" GATEWAY BLVD ","Tuesday",15448
" GERRARD ST E ","Monday",71951
" GERRARD ST E ","Saturday",16710
" GERRARD ST E ","Thursday",84806
" GERRARD ST E ","Tuesday",118098
" GERRARD ST E ","Wednesday",171008
" GERRARD ST W ","Wednesday",32235
" GRANTBROOK ST ","Wednesday",9046
" GREENWOOD AVE ","Monday",22120
" GREENWOOD AVE ","Tuesday",17682
" GUILDWOOD PKWY ","Thursday",15978
" GUNNS RD ","Wednesday",8832
" HALLAM ST ","Thursday",16650
" HARBORD ST ","Thursday",58926
" HARBORD ST ","Tuesday",45468
" HARBORD ST ","Wednesday",65712
" HARBOUR ST ","Tuesday",31810
" HIGHWAY 27 ","Saturday",48300
" HIGHWAY 27 ","Thursday",90978
" HIGHWAY 27 ","Tuesday",151546
" HIGHWAY 27 ","Wednesday",100670
" HORNER AVE ","Tuesday",17848
" HORNER AVE ","Wednesday",13752
" HOSKIN AVE ","Monday",19438
" HUMBER COLLEGE BLVD ","Monday",15342
" HUMBER COLLEGE BLVD ","Tuesday",21872
" HUMBER COLLEGE BLVD ","Wednesday",20274
" HUMBERWOOD BLVD ","Monday",16528
" HUNTINGWOOD DR ","Monday",16880
" IAN MACDONALD BLVD ","Monday",10995
" IAN MACDONALD BLVD ","Wednesday",13137
" INGRAM DR ","Thursday",14614
" ISLINGTON AVE ","Monday",75946
" ISLINGTON AVE ","Saturday",151466
" ISLINGTON AVE ","Thursday",262210
" ISLINGTON AVE ","Tuesday",315048
" ISLINGTON AVE ","Wednesday",293632
" JANE ST ","Monday",273135
" JANE ST ","Saturday",48802
" JANE ST ","Thursday",409373
" JANE ST ","Tuesday",465374
" JANE ST ","Wednesday",192976
" JARVIS ST ","Monday",25665
" JARVIS ST ","Saturday",38242
" JARVIS ST ","Thursday",66061
" JARVIS ST ","Tuesday",284928
" JARVIS ST ","Wednesday",153797
" KEELE ST ","Monday",130440
" KEELE ST ","Saturday",57531
" KEELE ST ","Thursday",251082
" KEELE ST ","Tuesday",670000
" KEELE ST ","Wednesday",136774
" KENNEDY RD ","Monday",121176
" KENNEDY RD ","Saturday",151691
" KENNEDY RD ","Thursday",503690
" KENNEDY RD ","Tuesday",278804
" KENNEDY RD ","Wednesday",132278
" KING ST E ","Monday",31892
" KING ST E ","Saturday",20293
" KING ST E ","Thursday",35422
" KING ST E ","Tuesday",97167
" KING ST E ","Wednesday",83026
" KING ST W ","Monday",82359
" KING ST W ","Saturday",86590
" KING ST W ","Thursday",201582
" KING ST W ","Tuesday",25487
" KING ST W ","Wednesday",246868
" KINGSTON RD ","Monday",235088
" KINGSTON RD ","Saturday",245284
" KINGSTON RD ","Thursday",477887
" KINGSTON RD ","Tuesday",148035
" KINGSTON RD ","Wednesday",631671
" KIPLING AVE ","Friday",86766
" KIPLING AVE ","Monday",102612
" KIPLING AVE ","Saturday",38424
" KIPLING AVE ","Thursday",188458
" KIPLING AVE ","Tuesday",473088
" KIPLING AVE ","Wednesday",196317
" LAIRD DR ","Saturday",39086
" LAIRD DR ","Thursday",56388
" LAIRD DR ","Tuesday",19966
" LAIRD DR ","Wednesday",17107
" LAKE SHORE BLVD E ","Monday",201888
" LAKE SHORE BLVD E ","Saturday",74313
" LAKE SHORE BLVD E ","Thursday",47023
" LAKE SHORE BLVD E ","Tuesday",23726
" LAKE SHORE BLVD E ","Wednesday",88832
" LAKE SHORE BLVD W ","Friday",12247
" LAKE SHORE BLVD W ","Monday",274183
" LAKE SHORE BLVD W ","Saturday",247497
" LAKE SHORE BLVD W ","Thursday",397111
" LAKE SHORE BLVD W ","Tuesday",307096
" LAKE SHORE BLVD W ","Wednesday",456174
" LANSDOWNE AVE ","Monday",24952
" LANSDOWNE AVE ","Saturday",42016
" LANSDOWNE AVE ","Thursday",14744
" LAWRENCE AVE E ","Monday",533345
" LAWRENCE AVE E ","Saturday",151068
" LAWRENCE AVE E ","Thursday",265768
" LAWRENCE AVE E ","Tuesday",585307
" LAWRENCE AVE E ","Wednesday",370780
" LAWRENCE AVE W ","Friday",57542
" LAWRENCE AVE W ","Monday",262190
" LAWRENCE AVE W ","Saturday",27442
" LAWRENCE AVE W ","Thursday",268092
" LAWRENCE AVE W ","Tuesday",161226
" LAWRENCE AVE W ","Wednesday",264193
" LEBOVIC AVE ","Thursday",10552
" LESLIE ST ","Friday",24848
" LESLIE ST ","Monday",229015
" LESLIE ST ","Saturday",186440
" LESLIE ST ","Thursday",120291
" LESLIE ST ","Tuesday",119557
" LESLIE ST ","Wednesday",237713
" LOWER JARVIS ST ","Thursday",17600
" LOWER JARVIS ST ","Tuesday",17635
" LOWER SHERBOURNE ST ","Wednesday",19310
" LOWER SIMCOE ST ","Monday",15652
" LUMSDEN AVE ","Thursday",18950
" LUMSDEN AVE ","Tuesday",11938
" LUMSDEN AVE ","Wednesday",11664
" MAIN ST ","Saturday",45496
" MARKHAM RD ","Monday",34012
" MARKHAM RD ","Saturday",440408
" MARKHAM RD ","Thursday",16372
" MARKHAM RD ","Tuesday",268524
" MARKHAM RD ","Wednesday",293072
" MARLEE AVE ","Monday",28458
" MARLEE AVE ","Tuesday",53892
" MARTIN GROVE RD ","Monday",123146
" MARTIN GROVE RD ","Saturday",46202
" MARTIN GROVE RD ","Thursday",57196
" MARTIN GROVE RD ","Tuesday",312746
" MARTIN GROVE RD ","Wednesday",22944
" MCCOWAN RD ","Monday",256566
" MCCOWAN RD ","Saturday",300600
" MCCOWAN RD ","Thursday",157729
" MCCOWAN RD ","Tuesday",6698
" MCCOWAN RD ","Wednesday",217836
" MCLEVIN AVE ","Monday",22972
" MCLEVIN AVE ","Thursday",24044
" MCLEVIN AVE ","Wednesday",12474
" MCNICOLL AVE ","Monday",32104
" MCNICOLL AVE ","Thursday",93683
" MCNICOLL AVE ","Tuesday",39248
" MCNICOLL AVE ","Wednesday",32901
" MEADOWVALE RD ","Sunday",15618
" MEADOWVALE RD ","Thursday",16942
" MEADOWVALE RD ","Tuesday",12258
" MEADOWVALE RD ","Wednesday",19236
" MIDDLEFIELD RD ","Thursday",17346
" MIDDLEFIELD RD ","Wednesday",57842
" MIDLAND AVE ","Monday",69171
" MIDLAND AVE ","Saturday",68873
" MIDLAND AVE ","Thursday",50783
" MIDLAND AVE ","Tuesday",124477
" MIDLAND AVE ","Wednesday",255571
" MILITARY TRL ","Wednesday",18730
" MILLWICK DR ","Tuesday",26974
" MILLWOOD RD ","Saturday",23982
" MILLWOOD RD ","Thursday",70541
" MILLWOOD RD ","Tuesday",11574
" MILNER AVE ","Monday",12252
" MILNER AVE ","Thursday",8713
" MILNER AVE ","Tuesday",40243
" MILNER AVE ","Wednesday",15138
" MORNINGSIDE AVE ","Monday",120068
" MORNINGSIDE AVE ","Saturday",56214
" MORNINGSIDE AVE ","Tuesday",16626
" MORNINGSIDE AVE ","Wednesday",281268
" MORTIMER AVE ","Monday",11926
" MORTIMER AVE ","Saturday",17880
" MORTIMER AVE ","Tuesday",7824
" MORTIMER AVE ","Wednesday",25063
" MOUNT PLEASANT RD ","Friday",22537
" MOUNT PLEASANT RD ","Monday",206036
" MOUNT PLEASANT RD ","Saturday",31177
" MOUNT PLEASANT RD ","Thursday",139726
" MOUNT PLEASANT RD ","Tuesday",219777
" MOUNT PLEASANT RD ","Wednesday",100283
" MURRAY ROSS PKWY ","Monday",6538
" NEILSON RD ","Monday",15337
" NEILSON RD ","Saturday",51458
" NEILSON RD ","Thursday",152186
" NEILSON RD ","Tuesday",24224
" NEILSON RD ","Wednesday",60309
" NORTH QUEEN ST ","Monday",22698
" NORTH QUEEN ST ","Thursday",22770
" NORTH QUEEN ST ","Tuesday",20344
" O CONNOR DR ","Monday",152317
" O CONNOR DR ","Saturday",127221
" O CONNOR DR ","Thursday",36815
" O CONNOR DR ","Tuesday",146735
" O CONNOR DR ","Wednesday",135575
" OAK ST ","Wednesday",22054
" OAKDALE RD ","Tuesday",15574
" OAKWOOD AVE ","Thursday",13287
" OAKWOOD AVE ","Tuesday",29514
" OAKWOOD AVE ","Wednesday",34049
" OLD FINCH AVE ","Thursday",2162
" OLD KINGSTON RD ","Monday",10034
" OLD KINGSTON RD ","Wednesday",12310
" OLD WESTON RD ","Thursday",37246
" OLD WESTON RD ","Tuesday",15836
" ORIOLE PKWY ","Monday",30542
" ORIOLE PKWY ","Wednesday",77136
" ORTON PARK RD ","Thursday",7230
" OSSINGTON AVE ","Thursday",57578
" OSSINGTON AVE ","Tuesday",25806
" OVERLEA BLVD ","Friday",21218
" OVERLEA BLVD ","Thursday",53492
" OVERLEA BLVD ","Wednesday",53069
" PAPE AVE ","Monday",10965
" PAPE AVE ","Saturday",20667
" PAPE AVE ","Thursday",26384
" PARK HOME AVE ","Monday",48124
" PARK LAWN RD ","Thursday",80604
" PARK LAWN RD ","Tuesday",28200
" PARKSIDE DR ","Monday",28152
" PARKSIDE DR ","Saturday",13415
" PARKSIDE DR ","Wednesday",74988
" PARKWOODS VILLAGE DR ","Tuesday",46430
" PARLIAMENT ST ","Saturday",50715
" PARLIAMENT ST ","Thursday",37084
" PARLIAMENT ST ","Tuesday",56980
" PARLIAMENT ST ","Wednesday",64570
" PASSMORE AVE ","Saturday",16404
" PHARMACY AVE ","Monday",143705
" PHARMACY AVE ","Saturday",42245
" PHARMACY AVE ","Thursday",151345
" PHARMACY AVE ","Tuesday",172187
" PHARMACY AVE ","Wednesday",106166
" PORT UNION RD ","Monday",28550
" PORT UNION RD ","Thursday",32522
" PORT UNION RD ","Tuesday",12224
" PORT UNION RD ","Wednesday",12310
" POYNTZ AVE ","Tuesday",13028
" PRINCES BLVD ","Tuesday",3036
" PROGRESS AVE ","Monday",99403
" PROGRESS AVE ","Thursday",52086
" PROGRESS AVE ","Tuesday",67302
" PROGRESS AVE ","Wednesday",41415
" QUEEN ST E ","Monday",93342
" QUEEN ST E ","Saturday",129110
" QUEEN ST E ","Thursday",118344
" QUEEN ST E ","Tuesday",190360
" QUEEN ST E ","Wednesday",107102
" QUEEN ST W ","Monday",21984
" QUEEN ST W ","Saturday",42188
" QUEEN ST W ","Thursday",134860
" QUEEN ST W ","Tuesday",131683
" QUEEN ST W ","Wednesday",239074
" QUEENS PARK ","Thursday",22654
" QUEENS PARK ","Tuesday",20004
" QUEENS PARK CRES E ","Thursday",20898
" QUEENS PARK CRES E ","Tuesday",27288
" QUEENS PARK CRES E ","Wednesday",75427
" QUEENS PARK CRES W ","Tuesday",34958
" QUEENS PLATE DR ","Thursday",12814
" QUEENS QUAY E ","Monday",23057
" QUEENS QUAY E ","Wednesday",6859
" QUEENS QUAY W ","Thursday",41190
" QUEENS QUAY W ","Tuesday",36312
" QUEENS QUAY W ","Wednesday",97409
" RANEE AVE ","Monday",5002
" RANEE AVE ","Wednesday",5900
" RATHBURN RD ","Monday",29067
" RATHBURN RD ","Wednesday",24658
" RENFORTH DR ","Monday",24049
" RENFORTH DR ","Thursday",122830
" RENFORTH DR ","Tuesday",10695
" RENFORTH DR ","Wednesday",36996
" REXDALE BLVD ","Friday",67398
" REXDALE BLVD ","Saturday",43652
" REXDALE BLVD ","Thursday",184178
" REXDALE BLVD ","Wednesday",40524
" RICHMOND ST E ","Monday",32774
" RICHMOND ST E ","Tuesday",51090
" RICHMOND ST W ","Monday",28295
" RICHMOND ST W ","Tuesday",80606
" RICHMOND ST W ","Wednesday",28496
" RIVER ST ","Monday",14988
" ROGERS RD ","Monday",39910
" ROGERS RD ","Saturday",39668
" ROGERS RD ","Thursday",27726
" ROGERS RD ","Tuesday",35958
" ROGERS RD ","Wednesday",39284
" RONCESVALLES AVE ","Monday",21508
" RONCESVALLES AVE ","Thursday",16108
" ROYAL YORK RD ","Monday",23034
" ROYAL YORK RD ","Thursday",198900
" ROYAL YORK RD ","Tuesday",64358
" RUNNYMEDE RD ","Thursday",15826
" SANDHURST CRCL ","Tuesday",8506
" SCARBOROUGH GOLF CLUB RD ","Thursday",10810
" SCARBOROUGH GOLF CLUB RD ","Tuesday",12408
" SCARBOROUGH GOLF CLUB RD ","Wednesday",35506
" SCARLET RD ","Tuesday",8476
" SCARLETT RD ","Saturday",11072
" SCARLETT RD ","Thursday",23975
" SCARLETT RD ","Tuesday",67168
" SCARLETT RD ","Wednesday",9891
" SENTINEL RD ","Thursday",15328
" SENTINEL RD ","Wednesday",17922
" SEWELLS RD ","Wednesday",11814
" SHAW ST ","Thursday",7110
" SHEPPARD AVE E ","Monday",136618
" SHEPPARD AVE E ","Saturday",538496
" SHEPPARD AVE E ","Thursday",379174
" SHEPPARD AVE E ","Tuesday",355429
" SHEPPARD AVE E ","Wednesday",610531
" SHEPPARD AVE W ","Monday",70322
" SHEPPARD AVE W ","Saturday",68866
" SHEPPARD AVE W ","Thursday",158657
" SHEPPARD AVE W ","Tuesday",216296
" SHEPPARD AVE W ","Wednesday",290902
" SHERBOURNE ST ","Saturday",27909
" SHERBOURNE ST ","Thursday",34588
" SHERBOURNE ST ","Tuesday",78345
" SHERBOURNE ST ","Wednesday",139899
" SHERWAY GARDENS RD ","Tuesday",19426
" SHOREHAM DR ","Tuesday",9893
" SHOREHAM DR ","Wednesday",11599
" SHUTER ST ","Tuesday",31242
" SIGNET DR ","Thursday",19864
" SIGNET DR ","Tuesday",13358
" SIGNET DR ","Wednesday",12412
" SIMCOE ST ","Monday",27054
" SIMCOE ST ","Thursday",46711
" SOUTH KINGSWAY ","Tuesday",21100
" SOUTHVALE DR ","Saturday",8991
" SOUTHVALE DR ","Thursday",10506
" SPADINA AVE ","Friday",12902
" SPADINA AVE ","Monday",83067
" SPADINA AVE ","Saturday",240473
" SPADINA AVE ","Thursday",147946
" SPADINA AVE ","Tuesday",107312
" SPADINA AVE ","Wednesday",119050
" SPADINA CRES ","Thursday",20859
" SPADINA RD ","Thursday",81200
" SPADINA RD ","Tuesday",48554
" ST CLAIR AVE E ","Monday",19534
" ST CLAIR AVE E ","Saturday",137132
" ST CLAIR AVE E ","Thursday",157759
" ST CLAIR AVE E ","Tuesday",33250
" ST CLAIR AVE E ","Wednesday",104245
" ST CLAIR AVE W ","Monday",244424
" ST CLAIR AVE W ","Saturday",60692
" ST CLAIR AVE W ","Thursday",402829
" ST CLAIR AVE W ","Tuesday",47245
" ST CLAIR AVE W ","Wednesday",164866
" ST DENNIS DR ","Tuesday",13806
" ST GEORGE ST ","Monday",28557
" ST GEORGE ST ","Tuesday",11789
" ST GEORGE ST ","Wednesday",63188
" STEELES AVE E ","Monday",482894
" STEELES AVE E ","Saturday",347362
" STEELES AVE E ","Thursday",290029
" STEELES AVE E ","Tuesday",294370
" STEELES AVE E ","Wednesday",451482
" STEELES AVE W ","Friday",162858
" STEELES AVE W ","Monday",313100
" STEELES AVE W ","Saturday",314892
" STEELES AVE W ","Thursday",74606
" STEELES AVE W ","Tuesday",197782
" STEELES AVE W ","Wednesday",811794
" STRACHAN AVE ","Monday",10892
" STRACHAN AVE ","Thursday",12996
" STRACHAN AVE ","Wednesday",24919
" TALBOT RD ","Tuesday",9996
" TANGIERS RD ","Thursday",6078
" TAPSCOTT RD ","Monday",13654
" TAPSCOTT RD ","Thursday",6875
" TAPSCOTT RD ","Tuesday",17792
" TAPSCOTT RD ","Wednesday",23553
" THE DONWAY W ","Tuesday",15128
" THE EAST MALL ","Monday",18380
" THE EAST MALL ","Tuesday",108236
" THE EAST MALL ","Wednesday",14998
" THE POND RD ","Monday",3941
" THE POND RD ","Thursday",19306
" THE POND RD ","Wednesday",41568
" THE QUEENSWAY ","Monday",198057
" THE QUEENSWAY ","Saturday",22354
" THE QUEENSWAY ","Thursday",222793
" THE QUEENSWAY ","Tuesday",290968
" THE QUEENSWAY ","Wednesday",361345
" THE WEST MALL ","Monday",30240
" THE WEST MALL ","Saturday",16493
" THE WEST MALL ","Thursday",29300
" THE WEST MALL ","Tuesday",45997
" THE WEST MALL ","Wednesday",17007
" THE WESTWAY ","Thursday",15938
" THE WESTWAY ","Tuesday",25720
" THE WESTWAY ","Wednesday",16428
" TORO RD ","Wednesday",9364
" TRETHEWEY DR ","Monday",32164
" TRETHEWEY DR ","Thursday",17266
" TRETHEWEY DR ","Tuesday",33200
" UNIVERSITY AVE ","Monday",150532
" UNIVERSITY AVE ","Saturday",213521
" UNIVERSITY AVE ","Thursday",281998
" UNIVERSITY AVE ","Tuesday",107939
" UNIVERSITY AVE ","Wednesday",34734
" VAUGHAN RD ","Tuesday",12322
" VAUGHAN RD ","Wednesday",13672
" VICTORIA PARK AVE ","Monday",219314
" VICTORIA PARK AVE ","Saturday",72155
" VICTORIA PARK AVE ","Thursday",229141
" VICTORIA PARK AVE ","Tuesday",320367
" VICTORIA PARK AVE ","Wednesday",376270
" VICTORIA ST ","Thursday",22356
" VICTORIA ST ","Tuesday",19739
" WARDEN AVE ","Monday",231758
" WARDEN AVE ","Saturday",97592
" WARDEN AVE ","Thursday",13756
" WARDEN AVE ","Tuesday",519154
" WARDEN AVE ","Wednesday",271592
" WELLESLEY ST E ","Tuesday",17994
" WELLESLEY ST E ","Wednesday",21254
" WELLINGTON ST W ","Monday",26382
" WELLINGTON ST W ","Thursday",47312
" WESTON RD ","Friday",13449
" WESTON RD ","Monday",275920
" WESTON RD ","Thursday",429135
" WESTON RD ","Tuesday",180214
" WESTON RD ","Wednesday",263903
" WICKSTEED AVE ","Tuesday",18550
" WILLIAM KITCHEN RD ","Monday",14634
" WILLIAM R ALLEN RD ","Thursday",54108
" WILLIAM R ALLEN RD ","Tuesday",119774
" WILLIAM R ALLEN RD ","Wednesday",258060
" WILLOWDALE AVE ","Monday",54110
" WILLOWDALE AVE ","Thursday",20311
" WILLOWDALE AVE ","Wednesday",25062
" WILMINGTON AVE ","Tuesday",19416
" WILSON AVE ","Monday",129012
" WILSON AVE ","Saturday",188616
" WILSON AVE ","Thursday",303430
" WILSON AVE ","Tuesday",224484
" WILSON AVE ","Wednesday",17391
" WILSON HEIGHTS BLVD ","Thursday",50348
" WINDERMERE AVE ","Thursday",14244
" WOODBINE AVE ","Saturday",30748
" WOODBINE AVE ","Thursday",51490
" WYNFORD DR ","Monday",46166
" WYNFORD DR ","Tuesday",62155
" YONGE ST ","Friday",45172
" YONGE ST ","Monday",584946
" YONGE ST ","Saturday",739399
" YONGE ST ","Thursday",278599
" YONGE ST ","Tuesday",736727
" YONGE ST ","Wednesday",1310108
" YORK BLVD ","Thursday",4332
" YORK BLVD ","Tuesday",22023
" YORK MILLS RD ","Tuesday",30008
" YORK MILLS RD ","Wednesday",402498
" YORK ST ","Saturday",12599
" YORK ST ","Thursday",26595
" YORK ST ","Tuesday",99916
" YORK ST ","Wednesday",58712
" YORKDALE 401 ALLEN N RAMP ","Thursday",20054
" YORKDALE RD ","Monday",28104
" YORKDALE RD ","Saturday",12265
" YORKDALE RD ","Tuesday",16643
" YORKDALE RD ","Wednesday",32759
" YORKLAND RD ","Monday",21480
" ZOO RD ","Sunday",3996
